DATE,ICNSA
1/7/1967,346000
1/14/1967,334000
1/21/1967,277000
1/28/1967,252000
2/4/1967,274000
2/11/1967,276000
2/18/1967,247000
2/25/1967,248000
3/4/1967,326000
3/11/1967,240000
3/18/1967,225000
3/25/1967,215000
4/1/1967,223000
4/8/1967,251000
4/15/1967,289000
4/22/1967,218000
4/29/1967,216000
5/6/1967,221000
5/13/1967,188000
5/20/1967,177000
5/27/1967,170000
6/3/1967,175000
6/10/1967,188000
6/17/1967,176000
6/24/1967,178000
7/1/1967,206000
7/8/1967,322000
7/15/1967,309000
7/22/1967,282000
7/29/1967,243000
8/5/1967,250000
8/12/1967,193000
8/19/1967,174000
8/26/1967,160000
9/2/1967,163000
9/9/1967,156000
9/16/1967,165000
9/23/1967,155000
9/30/1967,154000
10/7/1967,195000
10/14/1967,159000
10/21/1967,181000
10/28/1967,174000
11/4/1967,204000
11/11/1967,201000
11/18/1967,209000
11/25/1967,200000
12/2/1967,228000
12/9/1967,258000
12/16/1967,241000
12/23/1967,289000
12/30/1967,332000
1/6/1968,357000
1/13/1968,373000
1/20/1968,293000
1/27/1968,242000
2/3/1968,308000
2/10/1968,257000
2/17/1968,214000
2/24/1968,199000
3/2/1968,198000
3/9/1968,208000
3/16/1968,179000
3/23/1968,175000
3/30/1968,165000
4/6/1968,184000
4/13/1968,167000
4/20/1968,165000
4/27/1968,216000
5/4/1968,180000
5/11/1968,164000
5/18/1968,156000
5/25/1968,148000
6/1/1968,139000
6/8/1968,149000
6/15/1968,154000
6/22/1968,152000
6/29/1968,173000
7/6/1968,266000
7/13/1968,242000
7/20/1968,216000
7/27/1968,238000
8/3/1968,235000
8/10/1968,222000
8/17/1968,160000
8/24/1968,148000
8/31/1968,139000
9/7/1968,135000
9/14/1968,141000
9/21/1968,142000
9/28/1968,143000
10/5/1968,153000
10/12/1968,151000
10/19/1968,151000
10/26/1968,152000
11/2/1968,161000
11/9/1968,174000
11/16/1968,196000
11/23/1968,211000
11/30/1968,180000
12/7/1968,223000
12/14/1968,233000
12/21/1968,243000
12/28/1968,333000
1/4/1969,290000
1/11/1969,337000
1/18/1969,265000
1/25/1969,236000
2/1/1969,250000
2/8/1969,248000
2/15/1969,219000
2/22/1969,199000
3/1/1969,206000
3/8/1969,195000
3/15/1969,179000
3/22/1969,158000
3/29/1969,157000
4/5/1969,170000
4/12/1969,187000
4/19/1969,168000
4/26/1969,151000
5/3/1969,150000
5/10/1969,157000
5/17/1969,141000
5/24/1969,138000
5/31/1969,135000
6/7/1969,148000
6/14/1969,145000
6/21/1969,155000
6/28/1969,177000
7/5/1969,267000
7/12/1969,271000
7/19/1969,246000
7/26/1969,221000
8/2/1969,223000
8/9/1969,210000
8/16/1969,168000
8/23/1969,154000
8/30/1969,144000
9/6/1969,133000
9/13/1969,149000
9/20/1969,147000
9/27/1969,147000
10/4/1969,159000
10/11/1969,168000
10/18/1969,155000
10/25/1969,171000
11/1/1969,174000
11/8/1969,206000
11/15/1969,196000
11/22/1969,230000
11/29/1969,219000
12/6/1969,247000
12/13/1969,264000
12/20/1969,289000
12/27/1969,320000
1/3/1970,344000
1/10/1970,429000
1/17/1970,386000
1/24/1970,316000
1/31/1970,293000
2/7/1970,324000
2/14/1970,308000
2/21/1970,285000
2/28/1970,241000
3/7/1970,270000
3/14/1970,258000
3/21/1970,233000
3/28/1970,236000
4/4/1970,250000
4/11/1970,300000
4/18/1970,339000
4/25/1970,299000
5/2/1970,278000
5/9/1970,279000
5/16/1970,242000
5/23/1970,231000
5/30/1970,224000
6/6/1970,234000
6/13/1970,242000
6/20/1970,245000
6/27/1970,247000
7/4/1970,309000
7/11/1970,369000
7/18/1970,353000
7/25/1970,329000
8/1/1970,293000
8/8/1970,278000
8/15/1970,257000
8/22/1970,238000
8/29/1970,220000
9/5/1970,240000
9/12/1970,207000
9/19/1970,247000
9/26/1970,256000
10/3/1970,284000
10/10/1970,287000
10/17/1970,259000
10/24/1970,280000
10/31/1970,283000
11/7/1970,333000
11/14/1970,307000
11/21/1970,333000
11/28/1970,354000
12/5/1970,378000
12/12/1970,370000
12/19/1970,354000
12/26/1970,451000
1/2/1971,443000
1/9/1971,500000
1/16/1971,452000
1/23/1971,399000
1/30/1971,353000
2/6/1971,375000
2/13/1971,333000
2/20/1971,286000
2/27/1971,289000
3/6/1971,306000
3/13/1971,275000
3/20/1971,260000
3/27/1971,261000
4/3/1971,267000
4/10/1971,278000
4/17/1971,257000
4/24/1971,248000
5/1/1971,237000
5/8/1971,260000
5/15/1971,230000
5/22/1971,231000
5/29/1971,231000
6/5/1971,232000
6/12/1971,244000
6/19/1971,249000
6/26/1971,247000
7/3/1971,288000
7/10/1971,335000
7/17/1971,367000
7/24/1971,342000
7/31/1971,340000
8/7/1971,362000
8/14/1971,282000
8/21/1971,252000
8/28/1971,228000
9/4/1971,268000
9/11/1971,219000
9/18/1971,230000
9/25/1971,236000
10/2/1971,238000
10/9/1971,280000
10/16/1971,233000
10/23/1971,251000
10/30/1971,241000
11/6/1971,297000
11/13/1971,289000
11/20/1971,291000
11/27/1971,284000
12/4/1971,372000
12/11/1971,348000
12/18/1971,329000
12/25/1971,340000
1/1/1972,405000
1/8/1972,479000
1/15/1972,395000
1/22/1972,347000
1/29/1972,326000
2/5/1972,342000
2/12/1972,318000
2/19/1972,279000
2/26/1972,252000
3/4/1972,263000
3/11/1972,257000
3/18/1972,241000
3/25/1972,231000
4/1/1972,224000
4/8/1972,271000
4/15/1972,237000
4/22/1972,223000
4/29/1972,214000
5/6/1972,234000
5/13/1972,218000
5/20/1972,210000
5/27/1972,209000
6/3/1972,198000
6/10/1972,224000
6/17/1972,227000
6/24/1972,240000
7/1/1972,327000
7/8/1972,364000
7/15/1972,367000
7/22/1972,299000
7/29/1972,266000
8/5/1972,256000
8/12/1972,220000
8/19/1972,203000
8/26/1972,195000
9/2/1972,192000
9/9/1972,178000
9/16/1972,196000
9/23/1972,193000
9/30/1972,192000
10/7/1972,233000
10/14/1972,202000
10/21/1972,214000
10/28/1972,196000
11/4/1972,242000
11/11/1972,236000
11/18/1972,280000
11/25/1972,238000
12/2/1972,268000
12/9/1972,317000
12/16/1972,323000
12/23/1972,327000
12/30/1972,338000
1/6/1973,345000
1/13/1973,412000
1/20/1973,324000
1/27/1973,267000
2/3/1973,285000
2/10/1973,276000
2/17/1973,242000
2/24/1973,220000
3/3/1973,233000
3/10/1973,227000
3/17/1973,212000
3/24/1973,209000
3/31/1973,193000
4/7/1973,244000
4/14/1973,212000
4/21/1973,211000
4/28/1973,194000
5/5/1973,214000
5/12/1973,198000
5/19/1973,189000
5/26/1973,190000
6/2/1973,173000
6/9/1973,210000
6/16/1973,198000
6/23/1973,206000
6/30/1973,215000
7/7/1973,309000
7/14/1973,270000
7/21/1973,259000
7/28/1973,265000
8/4/1973,262000
8/11/1973,238000
8/18/1973,207000
8/25/1973,190000
9/1/1973,180000
9/8/1973,177000
9/15/1973,186000
9/22/1973,187000
9/29/1973,191000
10/6/1973,210000
10/13/1973,207000
10/20/1973,208000
10/27/1973,200000
11/3/1973,230000
11/10/1973,277000
11/17/1973,261000
11/24/1973,237000
12/1/1973,299000
12/8/1973,345000
12/15/1973,340000
12/22/1973,429000
12/29/1973,461000
1/5/1974,405000
1/12/1974,584000
1/19/1974,465000
1/26/1974,373000
2/2/1974,381000
2/9/1974,459000
2/16/1974,352000
2/23/1974,296000
3/2/1974,313000
3/9/1974,310000
3/16/1974,293000
3/23/1974,285000
3/30/1974,279000
4/6/1974,288000
4/13/1974,278000
4/20/1974,256000
4/27/1974,235000
5/4/1974,243000
5/11/1974,249000
5/18/1974,238000
5/25/1974,246000
6/1/1974,209000
6/8/1974,267000
6/15/1974,255000
6/22/1974,266000
6/29/1974,285000
7/6/1974,350000
7/13/1974,351000
7/20/1974,325000
7/27/1974,333000
8/3/1974,340000
8/10/1974,318000
8/17/1974,269000
8/24/1974,260000
8/31/1974,259000
9/7/1974,253000
9/14/1974,271000
9/21/1974,283000
9/28/1974,279000
10/5/1974,325000
10/12/1974,358000
10/19/1974,324000
10/26/1974,357000
11/2/1974,375000
11/9/1974,435000
11/16/1974,450000
11/23/1974,532000
11/30/1974,524000
12/7/1974,693000
12/14/1974,637000
12/21/1974,677000
12/28/1974,813000
1/4/1975,681000
1/11/1975,969000
1/18/1975,850000
1/25/1975,729000
2/1/1975,699000
2/8/1975,691000
2/15/1975,608000
2/22/1975,567000
3/1/1975,568000
3/8/1975,569000
3/15/1975,494000
3/22/1975,499000
3/29/1975,477000
4/5/1975,505000
4/12/1975,496000
4/19/1975,456000
4/26/1975,429000
5/3/1975,420000
5/10/1975,432000
5/17/1975,410000
5/24/1975,391000
5/31/1975,360000
6/7/1975,443000
6/14/1975,422000
6/21/1975,428000
6/28/1975,407000
7/5/1975,460000
7/12/1975,517000
7/19/1975,481000
7/26/1975,471000
8/2/1975,462000
8/9/1975,429000
8/16/1975,367000
8/23/1975,353000
8/30/1975,332000
9/6/1975,331000
9/13/1975,341000
9/20/1975,336000
9/27/1975,342000
10/4/1975,365000
10/11/1975,385000
10/18/1975,332000
10/25/1975,372000
11/1/1975,378000
11/8/1975,414000
11/15/1975,371000
11/22/1975,419000
11/29/1975,403000
12/6/1975,487000
12/13/1975,456000
12/20/1975,463000
12/27/1975,573000
1/3/1976,540000
1/10/1976,708000
1/17/1976,563000
1/24/1976,486000
1/31/1976,450000
2/7/1976,452000
2/14/1976,391000
2/21/1976,367000
2/28/1976,353000
3/6/1976,366000
3/13/1976,343000
3/20/1976,330000
3/27/1976,314000
4/3/1976,334000
4/10/1976,366000
4/17/1976,316000
4/24/1976,311000
5/1/1976,313000
5/8/1976,345000
5/15/1976,308000
5/22/1976,311000
5/29/1976,310000
6/5/1976,307000
6/12/1976,351000
6/19/1976,342000
6/26/1976,339000
7/3/1976,401000
7/10/1976,445000
7/17/1976,455000
7/24/1976,418000
7/31/1976,401000
8/7/1976,373000
8/14/1976,329000
8/21/1976,320000
8/28/1976,301000
9/4/1976,321000
9/11/1976,280000
9/18/1976,320000
9/25/1976,327000
10/2/1976,332000
10/9/1976,388000
10/16/1976,325000
10/23/1976,361000
10/30/1976,370000
11/6/1976,387000
11/13/1976,363000
11/20/1976,430000
11/27/1976,369000
12/4/1976,500000
12/11/1976,494000
12/18/1976,434000
12/25/1976,466000
1/1/1977,558000
1/8/1977,685000
1/15/1977,597000
1/22/1977,589000
1/29/1977,518000
2/5/1977,704000
2/12/1977,552000
2/19/1977,422000
2/26/1977,360000
3/5/1977,367000
3/12/1977,335000
3/19/1977,321000
3/26/1977,298000
4/2/1977,296000
4/9/1977,367000
4/16/1977,316000
4/23/1977,314000
4/30/1977,305000
5/7/1977,333000
5/14/1977,309000
5/21/1977,293000
5/28/1977,298000
6/4/1977,283000
6/11/1977,308000
6/18/1977,310000
6/25/1977,321000
7/2/1977,348000
7/9/1977,431000
7/16/1977,424000
7/23/1977,391000
7/30/1977,380000
8/6/1977,379000
8/13/1977,319000
8/20/1977,298000
8/27/1977,282000
9/3/1977,289000
9/10/1977,260000
9/17/1977,289000
9/24/1977,293000
10/1/1977,275000
10/8/1977,345000
10/15/1977,287000
10/22/1977,322000
10/29/1977,309000
11/5/1977,352000
11/12/1977,310000
11/19/1977,367000
11/26/1977,342000
12/3/1977,430000
12/10/1977,448000
12/17/1977,412000
12/24/1977,450000
12/31/1977,535000
1/7/1978,559000
1/14/1978,579000
1/21/1978,500000
1/28/1978,445000
2/4/1978,447000
2/11/1978,438000
2/18/1978,455000
2/25/1978,372000
3/4/1978,360000
3/11/1978,342000
3/18/1978,302000
3/25/1978,280000
4/1/1978,278000
4/8/1978,338000
4/15/1978,279000
4/22/1978,277000
4/29/1978,269000
5/6/1978,291000
5/13/1978,268000
5/20/1978,266000
5/27/1978,256000
6/3/1978,242000
6/10/1978,292000
6/17/1978,287000
6/24/1978,297000
7/1/1978,347000
7/8/1978,428000
7/15/1978,421000
7/22/1978,387000
7/29/1978,371000
8/5/1978,376000
8/12/1978,326000
8/19/1978,287000
8/26/1978,264000
9/2/1978,249000
9/9/1978,246000
9/16/1978,262000
9/23/1978,254000
9/30/1978,249000
10/7/1978,323000
10/14/1978,262000
10/21/1978,287000
10/28/1978,280000
11/4/1978,302000
11/11/1978,286000
11/18/1978,345000
11/25/1978,350000
12/2/1978,427000
12/9/1978,427000
12/16/1978,390000
12/23/1978,447000
12/30/1978,515000
1/6/1979,559000
1/13/1979,680000
1/20/1979,488000
1/27/1979,423000
2/3/1979,424000
2/10/1979,418000
2/17/1979,384000
2/24/1979,364000
3/3/1979,358000
3/10/1979,346000
3/17/1979,315000
3/24/1979,296000
3/31/1979,300000
4/7/1979,449000
4/14/1979,424000
4/21/1979,340000
4/28/1979,303000
5/5/1979,307000
5/12/1979,290000
5/19/1979,280000
5/26/1979,287000
6/2/1979,262000
6/9/1979,322000
6/16/1979,312000
6/23/1979,343000
6/30/1979,366000
7/7/1979,458000
7/14/1979,446000
7/21/1979,445000
7/28/1979,417000
8/4/1979,428000
8/11/1979,360000
8/18/1979,329000
8/25/1979,313000
9/1/1979,312000
9/8/1979,285000
9/15/1979,311000
9/22/1979,309000
9/29/1979,303000
10/6/1979,379000
10/13/1979,335000
10/20/1979,342000
10/27/1979,353000
11/3/1979,372000
11/10/1979,392000
11/17/1979,401000
11/24/1979,379000
12/1/1979,513000
12/8/1979,521000
12/15/1979,455000
12/22/1979,580000
12/29/1979,596000
1/5/1980,574000
1/12/1980,804000
1/19/1980,648000
1/26/1980,515000
2/2/1980,471000
2/9/1980,493000
2/16/1980,418000
2/23/1980,415000
3/1/1980,407000
3/8/1980,413000
3/15/1980,398000
3/22/1980,392000
3/29/1980,399000
4/5/1980,451000
4/12/1980,535000
4/19/1980,495000
4/26/1980,482000
5/3/1980,491000
5/10/1980,526000
5/17/1980,539000
5/24/1980,525000
5/31/1980,477000
6/7/1980,562000
6/14/1980,511000
6/21/1980,529000
6/28/1980,563000
7/5/1980,584000
7/12/1980,643000
7/19/1980,628000
7/26/1980,569000
8/2/1980,536000
8/9/1980,494000
8/16/1980,435000
8/23/1980,410000
8/30/1980,397000
9/6/1980,374000
9/13/1980,414000
9/20/1980,381000
9/27/1980,363000
10/4/1980,410000
10/11/1980,417000
10/18/1980,355000
10/25/1980,384000
11/1/1980,395000
11/8/1980,416000
11/15/1980,403000
11/22/1980,440000
11/29/1980,407000
12/6/1980,534000
12/13/1980,481000
12/20/1980,499000
12/27/1980,546000
1/3/1981,580000
1/10/1981,839000
1/17/1981,638000
1/24/1981,521000
1/31/1981,490000
2/7/1981,500000
2/14/1981,439000
2/21/1981,430000
2/28/1981,432000
3/7/1981,414000
3/14/1981,385000
3/21/1981,365000
3/28/1981,356000
4/4/1981,383000
4/11/1981,401000
4/18/1981,350000
4/25/1981,379000
5/2/1981,342000
5/9/1981,369000
5/16/1981,340000
5/23/1981,342000
5/30/1981,301000
6/6/1981,384000
6/13/1981,367000
6/20/1981,376000
6/27/1981,387000
7/4/1981,430000
7/11/1981,516000
7/18/1981,481000
7/25/1981,429000
8/1/1981,444000
8/8/1981,419000
8/15/1981,369000
8/22/1981,351000
8/29/1981,352000
9/5/1981,396000
9/12/1981,331000
9/19/1981,392000
9/26/1981,392000
10/3/1981,416000
10/10/1981,476000
10/17/1981,408000
10/24/1981,450000
10/31/1981,479000
11/7/1981,534000
11/14/1981,483000
11/21/1981,522000
11/28/1981,535000
12/5/1981,726000
12/12/1981,657000
12/19/1981,644000
12/26/1981,702000
1/2/1982,694300
1/9/1982,1073500
1/16/1982,761700
1/23/1982,771200
1/30/1982,692300
2/6/1982,671000
2/13/1982,532800
2/20/1982,522900
2/27/1982,536300
3/6/1982,566300
3/13/1982,515100
3/20/1982,510500
3/27/1982,501500
4/3/1982,516600
4/10/1982,606300
4/17/1982,540300
4/24/1982,518600
5/1/1982,475600
5/8/1982,516500
5/15/1982,486500
5/22/1982,486300
5/29/1982,485800
6/5/1982,478600
6/12/1982,541600
6/19/1982,508100
6/26/1982,507700
7/3/1982,594400
7/10/1982,631400
7/17/1982,647000
7/24/1982,576100
7/31/1982,562600
8/7/1982,569200
8/14/1982,536400
8/21/1982,510400
8/28/1982,502300
9/4/1982,537600
9/11/1982,467700
9/18/1982,559500
9/25/1982,535000
10/2/1982,565600
10/9/1982,638100
10/16/1982,540300
10/23/1982,577600
10/30/1982,576800
11/6/1982,604800
11/13/1982,546700
11/20/1982,650400
11/27/1982,574100
12/4/1982,709400
12/11/1982,638200
12/18/1982,598000
12/25/1982,653600
1/1/1983,745100
1/8/1983,976600
1/15/1983,773600
1/22/1983,650600
1/29/1983,597700
2/5/1983,594200
2/12/1983,525100
2/19/1983,506300
2/26/1983,448700
3/5/1983,497400
3/12/1983,459700
3/19/1983,427500
3/26/1983,422100
4/2/1983,423000
4/9/1983,509700
4/16/1983,464800
4/23/1983,431300
4/30/1983,399900
5/7/1983,435000
5/14/1983,385200
5/21/1983,380300
5/28/1983,373000
6/4/1983,351100
6/11/1983,390100
6/18/1983,369200
6/25/1983,383500
7/2/1983,397400
7/9/1983,451900
7/16/1983,459400
7/23/1983,428300
7/30/1983,383400
8/6/1983,382500
8/13/1983,382300
8/20/1983,356900
8/27/1983,323600
9/3/1983,328800
9/10/1983,288700
9/17/1983,326900
9/24/1983,324700
10/1/1983,318500
10/8/1983,390500
10/15/1983,319900
10/22/1983,354900
10/29/1983,356400
11/5/1983,398200
11/12/1983,347300
11/19/1983,431900
11/26/1983,362900
12/3/1983,458400
12/10/1983,442900
12/17/1983,414600
12/24/1983,496800
12/31/1983,558900
1/7/1984,621600
1/14/1984,637900
1/21/1984,475100
1/28/1984,448500
2/4/1984,408400
2/11/1984,381500
2/18/1984,349300
2/25/1984,329100
3/3/1984,350500
3/10/1984,344000
3/17/1984,323500
3/24/1984,317600
3/31/1984,291400
4/7/1984,390300
4/14/1984,330800
4/21/1984,326500
4/28/1984,309300
5/5/1984,318900
5/12/1984,312100
5/19/1984,294200
5/26/1984,292700
6/2/1984,268700
6/9/1984,333800
6/16/1984,309900
6/23/1984,316800
6/30/1984,329000
7/7/1984,432500
7/14/1984,435900
7/21/1984,396200
7/28/1984,343800
8/4/1984,348100
8/11/1984,328100
8/18/1984,321000
8/25/1984,303300
9/1/1984,303500
9/8/1984,289300
9/15/1984,320700
9/22/1984,313200
9/29/1984,304700
10/6/1984,373300
10/13/1984,353200
10/20/1984,378700
10/27/1984,380500
11/3/1984,413400
11/10/1984,397500
11/17/1984,370800
11/24/1984,387000
12/1/1984,494700
12/8/1984,477900
12/15/1984,443700
12/22/1984,482300
12/29/1984,527500
1/5/1985,568300
1/12/1985,770000
1/19/1985,537700
1/26/1985,478300
2/2/1985,452400
2/9/1985,473300
2/16/1985,404700
2/23/1985,379000
3/2/1985,377300
3/9/1985,389200
3/16/1985,360500
3/23/1985,346700
3/30/1985,329100
4/6/1985,398000
4/13/1985,397500
4/20/1985,351800
4/27/1985,324700
5/4/1985,335600
5/11/1985,339100
5/18/1985,324900
5/25/1985,328500
6/1/1985,293500
6/8/1985,368900
6/15/1985,339200
6/22/1985,339500
6/29/1985,349800
7/6/1985,409500
7/13/1985,481500
7/20/1985,413700
7/27/1985,358700
8/3/1985,365800
8/10/1985,358200
8/17/1985,319400
8/24/1985,314800
8/31/1985,317600
9/7/1985,304700
9/14/1985,332900
9/21/1985,317600
9/28/1985,301600
10/5/1985,355600
10/12/1985,358000
10/19/1985,331000
10/26/1985,375700
11/2/1985,375300
11/9/1985,404100
11/16/1985,380300
11/23/1985,423100
11/30/1985,384700
12/7/1985,504200
12/14/1985,443400
12/21/1985,458200
12/28/1985,548200
1/4/1986,547500
1/11/1986,803900
1/18/1986,568800
1/25/1986,395700
2/1/1986,425400
2/8/1986,438100
2/15/1986,374200
2/22/1986,382200
3/1/1986,381200
3/8/1986,371700
3/15/1986,361600
3/22/1986,363100
3/29/1986,333300
4/5/1986,366100
4/12/1986,386100
4/19/1986,348700
4/26/1986,335100
5/3/1986,333600
5/10/1986,343800
5/17/1986,319000
5/24/1986,321700
5/31/1986,278700
6/7/1986,342200
6/14/1986,324700
6/21/1986,327400
6/28/1986,336100
7/5/1986,377400
7/12/1986,456200
7/19/1986,402400
7/26/1986,370700
8/2/1986,370900
8/9/1986,376900
8/16/1986,326000
8/23/1986,310200
8/30/1986,307100
9/6/1986,283700
9/13/1986,320800
9/20/1986,315800
9/27/1986,294200
10/4/1986,328900
10/11/1986,357700
10/18/1986,313000
10/25/1986,332400
11/1/1986,334100
11/8/1986,357600
11/15/1986,347400
11/22/1986,410600
11/29/1986,350900
12/6/1986,462700
12/13/1986,438600
12/20/1986,423800
12/27/1986,483900
1/3/1987,483977
1/10/1987,710493
1/17/1987,545768
1/24/1987,412977
1/31/1987,435743
2/7/1987,444240
2/14/1987,359219
2/21/1987,332930
2/28/1987,355357
3/7/1987,343065
3/14/1987,321153
3/21/1987,313104
3/28/1987,288648
4/4/1987,308940
4/11/1987,344364
4/18/1987,305201
4/25/1987,285566
5/2/1987,277726
5/9/1987,276773
5/16/1987,283832
5/23/1987,286150
5/30/1987,242793
6/6/1987,299672
6/13/1987,281043
6/20/1987,285191
6/27/1987,294288
7/4/1987,321855
7/11/1987,402706
7/18/1987,361491
7/25/1987,339756
8/1/1987,309433
8/8/1987,296403
8/15/1987,256647
8/22/1987,245058
8/29/1987,243829
9/5/1987,255589
9/12/1987,210375
9/19/1987,243651
9/26/1987,242206
10/3/1987,244736
10/10/1987,291075
10/17/1987,242157
10/24/1987,271190
10/31/1987,261036
11/7/1987,306340
11/14/1987,286334
11/21/1987,354037
11/28/1987,288614
12/5/1987,412297
12/12/1987,372869
12/19/1987,384763
12/26/1987,397287
1/2/1988,465503
1/9/1988,654620
1/16/1988,577975
1/23/1988,412685
1/30/1988,394776
2/6/1988,380906
2/13/1988,334833
2/20/1988,315497
2/27/1988,324517
3/5/1988,312409
3/12/1988,294321
3/19/1988,275545
3/26/1988,269000
4/2/1988,256607
4/9/1988,319713
4/16/1988,273160
4/23/1988,272440
4/30/1988,247619
5/7/1988,267315
5/14/1988,257101
5/21/1988,259640
5/28/1988,255852
6/4/1988,235308
6/11/1988,268052
6/18/1988,264100
6/25/1988,268770
7/2/1988,290079
7/9/1988,335780
7/16/1988,377872
7/23/1988,384920
7/30/1988,311475
8/6/1988,293718
8/13/1988,261066
8/20/1988,253359
8/27/1988,241809
9/3/1988,243944
9/10/1988,220226
9/17/1988,247250
9/24/1988,236230
10/1/1988,226453
10/8/1988,276732
10/15/1988,237722
10/22/1988,264201
10/29/1988,265794
11/5/1988,293412
11/12/1988,257201
11/19/1988,335818
11/26/1988,281841
12/3/1988,391406
12/10/1988,354028
12/17/1988,354768
12/24/1988,413175
12/31/1988,474226
1/7/1989,544138
1/14/1989,519727
1/21/1989,364499
1/28/1989,361331
2/4/1989,340647
2/11/1989,365301
2/18/1989,317676
2/25/1989,288690
3/4/1989,333669
3/11/1989,325019
3/18/1989,291112
3/25/1989,276369
4/1/1989,275799
4/8/1989,321723
4/15/1989,275240
4/22/1989,271002
4/29/1989,247646
5/6/1989,275425
5/13/1989,275507
5/20/1989,260543
5/27/1989,266146
6/3/1989,243246
6/10/1989,295499
6/17/1989,285589
6/24/1989,295338
7/1/1989,319577
7/8/1989,364594
7/15/1989,423847
7/22/1989,365026
7/29/1989,320773
8/5/1989,311584
8/12/1989,291429
8/19/1989,261419
8/26/1989,254488
9/2/1989,259540
9/9/1989,239989
9/16/1989,271903
9/23/1989,262895
9/30/1989,265310
10/7/1989,375972
10/14/1989,284584
10/21/1989,315473
10/28/1989,317538
11/4/1989,336759
11/11/1989,303556
11/18/1989,377814
11/25/1989,316458
12/2/1989,443684
12/9/1989,426514
12/16/1989,420795
12/23/1989,534261
12/30/1989,515926
1/6/1990,581679
1/13/1990,730995
1/20/1990,485424
1/27/1990,440748
2/3/1990,432922
2/10/1990,429764
2/17/1990,364616
2/24/1990,341969
3/3/1990,361937
3/10/1990,355935
3/17/1990,325164
3/24/1990,306391
3/31/1990,297117
4/7/1990,372079
4/14/1990,315624
4/21/1990,324936
4/28/1990,294785
5/5/1990,304160
5/12/1990,299266
5/19/1990,287082
5/26/1990,295476
6/2/1990,273910
6/9/1990,321727
6/16/1990,305690
6/23/1990,316999
6/30/1990,326407
7/7/1990,419256
7/14/1990,448952
7/21/1990,407676
7/28/1990,353149
8/4/1990,336997
8/11/1990,330678
8/18/1990,313804
8/25/1990,302267
9/1/1990,305510
9/8/1990,277768
9/15/1990,323246
9/22/1990,306549
9/29/1990,308080
10/6/1990,361538
10/13/1990,356203
10/20/1990,387444
10/27/1990,394598
11/3/1990,424771
11/10/1990,463874
11/17/1990,433003
11/24/1990,422676
12/1/1990,568583
12/8/1990,574323
12/15/1990,523403
12/22/1990,637449
12/29/1990,649471
1/5/1991,651775
1/12/1991,872742
1/19/1991,691092
1/26/1991,511360
2/2/1991,563060
2/9/1991,574760
2/16/1991,498200
2/23/1991,492325
3/2/1991,504023
3/9/1991,514410
3/16/1991,470801
3/23/1991,477877
3/30/1991,412904
4/6/1991,448082
4/13/1991,459364
4/20/1991,433912
4/27/1991,385153
5/4/1991,384458
5/11/1991,382113
5/18/1991,366492
5/25/1991,365117
6/1/1991,320632
6/8/1991,397682
6/15/1991,369074
6/22/1991,371232
6/29/1991,370372
7/6/1991,427161
7/13/1991,517888
7/20/1991,454655
7/27/1991,408098
8/3/1991,397522
8/10/1991,385740
8/17/1991,344969
8/24/1991,329287
8/31/1991,328040
9/7/1991,302187
9/14/1991,342419
9/21/1991,333110
9/28/1991,334206
10/5/1991,366862
10/12/1991,388370
10/19/1991,344189
10/26/1991,380253
11/2/1991,427789
11/9/1991,473432
11/16/1991,417766
11/23/1991,503032
11/30/1991,433180
12/7/1991,610113
12/14/1991,554059
12/21/1991,555747
12/28/1991,625772
1/4/1992,652046
1/11/1992,882118
1/18/1992,687914
1/25/1992,504838
2/1/1992,508594
2/8/1992,537238
2/15/1992,469794
2/22/1992,429723
2/29/1992,454987
3/7/1992,434426
3/14/1992,417282
3/21/1992,413180
3/28/1992,370883
4/4/1992,393384
4/11/1992,412948
4/18/1992,366621
4/25/1992,364454
5/2/1992,363794
5/9/1992,364100
5/16/1992,341425
5/23/1992,343432
5/30/1992,305080
6/6/1992,374978
6/13/1992,369067
6/20/1992,369995
6/27/1992,370373
7/4/1992,395505
7/11/1992,506050
7/18/1992,452468
7/25/1992,554590
8/1/1992,382138
8/8/1992,366092
8/15/1992,322729
8/22/1992,312436
8/29/1992,309806
9/5/1992,339006
9/12/1992,299189
9/19/1992,345093
9/26/1992,315455
10/3/1992,326938
10/10/1992,353504
10/17/1992,310235
10/24/1992,333005
10/31/1992,331922
11/7/1992,392213
11/14/1992,348011
11/21/1992,401972
11/28/1992,317218
12/5/1992,449726
12/12/1992,424677
12/19/1992,396619
12/26/1992,392612
1/2/1993,487466
1/9/1993,704930
1/16/1993,558516
1/23/1993,410944
1/30/1993,397000
2/6/1993,384707
2/13/1993,344520
2/20/1993,345116
2/27/1993,367412
3/6/1993,364185
3/13/1993,335154
3/20/1993,315473
3/27/1993,330512
4/3/1993,331871
4/10/1993,346648
4/17/1993,321564
4/24/1993,310916
5/1/1993,285098
5/8/1993,301906
5/15/1993,287944
5/22/1993,285444
5/29/1993,291206
6/5/1993,273411
6/12/1993,308535
6/19/1993,304843
6/26/1993,301549
7/3/1993,334335
7/10/1993,362425
7/17/1993,402348
7/24/1993,418260
7/31/1993,320155
8/7/1993,314579
8/14/1993,277263
8/21/1993,270913
8/28/1993,254231
9/4/1993,270528
9/11/1993,238902
9/18/1993,280903
9/25/1993,265510
10/2/1993,263636
10/9/1993,338726
10/16/1993,288699
10/23/1993,321509
10/30/1993,309359
11/6/1993,365280
11/13/1993,310455
11/20/1993,377935
11/27/1993,306788
12/4/1993,431210
12/11/1993,398560
12/18/1993,382583
12/25/1993,398084
1/1/1994,481735
1/8/1994,676076
1/15/1994,571816
1/22/1994,427570
1/29/1994,481458
2/5/1994,429800
2/12/1994,385594
2/19/1994,368626
2/26/1994,307194
3/5/1994,355250
3/12/1994,331023
3/19/1994,308038
3/26/1994,292661
4/2/1994,289631
4/9/1994,361348
4/16/1994,327166
4/23/1994,298620
4/30/1994,285837
5/7/1994,332414
5/14/1994,303190
5/21/1994,299324
5/28/1994,291797
6/4/1994,273849
6/11/1994,309033
6/18/1994,298198
6/25/1994,305863
7/2/1994,327262
7/9/1994,394428
7/16/1994,443698
7/23/1994,354495
7/30/1994,295979
8/6/1994,304363
8/13/1994,277614
8/20/1994,262131
8/27/1994,257299
9/3/1994,270561
9/10/1994,237526
9/17/1994,264553
9/24/1994,251191
10/1/1994,255588
10/8/1994,322522
10/15/1994,272742
10/22/1994,296646
10/29/1994,291557
11/5/1994,338561
11/12/1994,298030
11/19/1994,366719
11/26/1994,295729
12/3/1994,412824
12/10/1994,397238
12/17/1994,376210
12/24/1994,423387
12/31/1994,482735
1/7/1995,612648
1/14/1995,608872
1/21/1995,400772
1/28/1995,396457
2/4/1995,381813
2/11/1995,387408
2/18/1995,356237
2/25/1995,316927
3/4/1995,342015
3/11/1995,339580
3/18/1995,319218
3/25/1995,305471
4/1/1995,294031
4/8/1995,356914
4/15/1995,318030
4/22/1995,317072
4/29/1995,305594
5/6/1995,325398
5/13/1995,311646
5/20/1995,316305
5/27/1995,314442
6/3/1995,286566
6/10/1995,340606
6/17/1995,337812
6/24/1995,324411
7/1/1995,341207
7/8/1995,428632
7/15/1995,491891
7/22/1995,409319
7/29/1995,311708
8/5/1995,310703
8/12/1995,296712
8/19/1995,286017
8/26/1995,272182
9/2/1995,278703
9/9/1995,266145
9/16/1995,304323
9/23/1995,272431
9/30/1995,269067
10/7/1995,345311
10/14/1995,306465
10/21/1995,322856
10/28/1995,332061
11/4/1995,383687
11/11/1995,335181
11/18/1995,425889
11/25/1995,336269
12/2/1995,474548
12/9/1995,421109
12/16/1995,423450
12/23/1995,490349
12/30/1995,513686
1/6/1996,596010
1/13/1996,637910
1/20/1996,510820
1/27/1996,492966
2/3/1996,433693
2/10/1996,440961
2/17/1996,395332
2/24/1996,347053
3/2/1996,368044
3/9/1996,355818
3/16/1996,357070
3/23/1996,396731
3/30/1996,342023
4/6/1996,353032
4/13/1996,343654
4/20/1996,336033
4/27/1996,291957
5/4/1996,298195
5/11/1996,303532
5/18/1996,287891
5/25/1996,287622
6/1/1996,266116
6/8/1996,329099
6/15/1996,307141
6/22/1996,312226
6/29/1996,315615
7/6/1996,382989
7/13/1996,449510
7/20/1996,360385
7/27/1996,294762
8/3/1996,283216
8/10/1996,285795
8/17/1996,265742
8/24/1996,259677
8/31/1996,251425
9/7/1996,238893
9/14/1996,272464
9/21/1996,273232
9/28/1996,261251
10/5/1996,292029
10/12/1996,306521
10/19/1996,271934
10/26/1996,311965
11/2/1996,320827
11/9/1996,340240
11/16/1996,330730
11/23/1996,383512
11/30/1996,328186
12/7/1996,444305
12/14/1996,404436
12/21/1996,429566
12/28/1996,520650
1/4/1997,541210
1/11/1997,654473
1/18/1997,513913
1/25/1997,385310
2/1/1997,380099
2/8/1997,370766
2/15/1997,320374
2/22/1997,309202
3/1/1997,317339
3/8/1997,314787
3/15/1997,296698
3/22/1997,291463
3/29/1997,268823
4/5/1997,311186
4/12/1997,329663
4/19/1997,286593
4/26/1997,295166
5/3/1997,295629
5/10/1997,278052
5/17/1997,267251
5/24/1997,264697
5/31/1997,248167
6/7/1997,309928
6/14/1997,302577
6/21/1997,290720
6/28/1997,298299
7/5/1997,372574
7/12/1997,434598
7/19/1997,339250
7/26/1997,281794
8/2/1997,273471
8/9/1997,289083
8/16/1997,272910
8/23/1997,255236
8/30/1997,250205
9/6/1997,224948
9/13/1997,253456
9/20/1997,246061
9/27/1997,237214
10/4/1997,260705
10/11/1997,286436
10/18/1997,255634
10/25/1997,272593
11/1/1997,293086
11/8/1997,322842
11/15/1997,311499
11/22/1997,341845
11/29/1997,309788
12/6/1997,402699
12/13/1997,374107
12/20/1997,368823
12/27/1997,445345
1/3/1998,479854
1/10/1998,682016
1/17/1998,512837
1/24/1998,355092
1/31/1998,357976
2/7/1998,368113
2/14/1998,328354
2/21/1998,313367
2/28/1998,313480
3/7/1998,305542
3/14/1998,298302
3/21/1998,293692
3/28/1998,272808
4/4/1998,288484
4/11/1998,294014
4/18/1998,288059
4/25/1998,278220
5/2/1998,261089
5/9/1998,270108
5/16/1998,262107
5/23/1998,259125
5/30/1998,248550
6/6/1998,289495
6/13/1998,293195
6/20/1998,322017
6/27/1998,348842
7/4/1998,379734
7/11/1998,428977
7/18/1998,364767
7/25/1998,314782
8/1/1998,277621
8/8/1998,279621
8/15/1998,246823
8/22/1998,237999
8/29/1998,233516
9/5/1998,255938
9/12/1998,217454
9/19/1998,237609
9/26/1998,220668
10/3/1998,246284
10/10/1998,300862
10/17/1998,257172
10/24/1998,275574
10/31/1998,281932
11/7/1998,332611
11/14/1998,315504
11/21/1998,338501
11/28/1998,295041
12/5/1998,421605
12/12/1998,355872
12/19/1998,344452
12/26/1998,442200
1/2/1999,508983
1/9/1999,713805
1/16/1999,514082
1/23/1999,364737
1/30/1999,349733
2/6/1999,344947
2/13/1999,320679
2/20/1999,286130
2/27/1999,297918
3/6/1999,297325
3/13/1999,289813
3/20/1999,275453
3/27/1999,260817
4/3/1999,263516
4/10/1999,327621
4/17/1999,286018
4/24/1999,263835
5/1/1999,252190
5/8/1999,274268
5/15/1999,251063
5/22/1999,250360
5/29/1999,260517
6/5/1999,256922
6/12/1999,267582
6/19/1999,267825
6/26/1999,269755
7/3/1999,303758
7/10/1999,364078
7/17/1999,369123
7/24/1999,293348
7/31/1999,254195
8/7/1999,259805
8/14/1999,236658
8/21/1999,226061
8/28/1999,219278
9/4/1999,235849
9/11/1999,204302
9/18/1999,219070
9/25/1999,232486
10/2/1999,246445
10/9/1999,278925
10/16/1999,234580
10/23/1999,250864
10/30/1999,257767
11/6/1999,297136
11/13/1999,262607
11/20/1999,309248
11/27/1999,268255
12/4/1999,378735
12/11/1999,318175
12/18/1999,329649
12/25/1999,377695
1/1/2000,439912
1/8/2000,606897
1/15/2000,442494
1/22/2000,328841
1/29/2000,332740
2/5/2000,365245
2/12/2000,311897
2/19/2000,281256
2/26/2000,258962
3/4/2000,283024
3/11/2000,255109
3/18/2000,242139
3/25/2000,239835
4/1/2000,229520
4/8/2000,274130
4/15/2000,237218
4/22/2000,240266
4/29/2000,249458
5/6/2000,259546
5/13/2000,231706
5/20/2000,234599
5/27/2000,239836
6/3/2000,242991
6/10/2000,267752
6/17/2000,265617
6/24/2000,273344
7/1/2000,280979
7/8/2000,363793
7/15/2000,377982
7/22/2000,296255
7/29/2000,253466
8/5/2000,266151
8/12/2000,261358
8/19/2000,251844
8/26/2000,239030
9/2/2000,242375
9/9/2000,229954
9/16/2000,245991
9/23/2000,222219
9/30/2000,227249
10/7/2000,292784
10/14/2000,255082
10/21/2000,263445
10/28/2000,269489
11/4/2000,342414
11/11/2000,294727
11/18/2000,374160
11/25/2000,321859
12/2/2000,447262
12/9/2000,390088
12/16/2000,402476
12/23/2000,481720
12/30/2000,568973
1/6/2001,558768
1/13/2001,599562
1/20/2001,398188
1/27/2001,447386
2/3/2001,424696
2/10/2001,396151
2/17/2001,345841
2/24/2001,357591
3/3/2001,379286
3/10/2001,377210
3/17/2001,351497
3/24/2001,334747
3/31/2001,328576
4/7/2001,397282
4/14/2001,346981
4/21/2001,369745
4/28/2001,353831
5/5/2001,336319
5/12/2001,331765
5/19/2001,338374
5/26/2001,346231
6/2/2001,335765
6/9/2001,397015
6/16/2001,354526
6/23/2001,351770
6/30/2001,375885
7/7/2001,526826
7/14/2001,524139
7/21/2001,406038
7/28/2001,332957
8/4/2001,341660
8/11/2001,333042
8/18/2001,317046
8/25/2001,307850
9/1/2001,319016
9/8/2001,309567
9/15/2001,317245
9/22/2001,353611
9/29/2001,400400
10/6/2001,441754
10/13/2001,426881
10/20/2001,429542
10/27/2001,436901
11/3/2001,443971
11/10/2001,456366
11/17/2001,420259
11/24/2001,438893
12/1/2001,605916
12/8/2001,491836
12/15/2001,440906
12/22/2001,529570
12/29/2001,647045
1/5/2002,637343
1/12/2002,799246
1/19/2002,558297
1/26/2002,431690
2/2/2002,445552
2/9/2002,438611
2/16/2002,376573
2/23/2002,367504
3/2/2002,385272
3/9/2002,386992
3/16/2002,352045
3/23/2002,366372
3/30/2002,386296
4/6/2002,432384
4/13/2002,428834
4/20/2002,385151
4/27/2002,367350
5/4/2002,362681
5/11/2002,358286
5/18/2002,348887
5/25/2002,346439
6/1/2002,309183
6/8/2002,378613
6/15/2002,356096
6/22/2002,358959
6/29/2002,358658
7/6/2002,456716
7/13/2002,506718
7/20/2002,394586
7/27/2002,338441
8/3/2002,326356
8/10/2002,332673
8/17/2002,313869
8/24/2002,314852
8/31/2002,310864
9/7/2002,318361
9/14/2002,337577
9/21/2002,317264
9/28/2002,319063
10/5/2002,365613
10/12/2002,385689
10/19/2002,349927
10/26/2002,375591
11/2/2002,397346
11/9/2002,427078
11/16/2002,372829
11/23/2002,436549
11/30/2002,385788
12/7/2002,547430
12/14/2002,486258
12/21/2002,483449
12/28/2002,620929
1/4/2003,620004
1/11/2003,724111
1/18/2003,542563
1/25/2003,434888
2/1/2003,449286
2/8/2003,439520
2/15/2003,398291
2/22/2003,387536
3/1/2003,429782
3/8/2003,414568
3/15/2003,389909
3/22/2003,361492
3/29/2003,371692
4/5/2003,394160
4/12/2003,434911
4/19/2003,399180
4/26/2003,401342
5/3/2003,377383
5/10/2003,364287
5/17/2003,362276
5/24/2003,359500
5/31/2003,351890
6/7/2003,421190
6/14/2003,383371
6/21/2003,376560
6/28/2003,394214
7/5/2003,483401
7/12/2003,552621
7/19/2003,429381
7/26/2003,348382
8/2/2003,333770
8/9/2003,348207
8/16/2003,312087
8/23/2003,313058
8/30/2003,319362
9/6/2003,322501
9/13/2003,328414
9/20/2003,301217
9/27/2003,304968
10/4/2003,337880
10/11/2003,368876
10/18/2003,328572
10/25/2003,352117
11/1/2003,345573
11/8/2003,397387
11/15/2003,347719
11/22/2003,397990
11/29/2003,357811
12/6/2003,486202
12/13/2003,412627
12/20/2003,424192
12/27/2003,516493
1/3/2004,552815
1/10/2004,677897
1/17/2004,490763
1/24/2004,382262
1/31/2004,406298
2/7/2004,433234
2/14/2004,341634
2/21/2004,328171
2/28/2004,342140
3/6/2004,339007
3/13/2004,312067
3/20/2004,304462
3/27/2004,296776
4/3/2004,304249
4/10/2004,350739
4/17/2004,334965
4/24/2004,313686
5/1/2004,283236
5/8/2004,292754
5/15/2004,297061
5/22/2004,293974
5/29/2004,304067
6/5/2004,308229
6/12/2004,313930
6/19/2004,322481
6/26/2004,318746
7/3/2004,349920
7/10/2004,444531
7/17/2004,394372
7/24/2004,313225
7/31/2004,282128
8/7/2004,291611
8/14/2004,262936
8/21/2004,274433
8/28/2004,276308
9/4/2004,274930
9/11/2004,250568
9/18/2004,275846
9/25/2004,282729
10/2/2004,279591
10/9/2004,338711
10/16/2004,279846
10/23/2004,317573
10/30/2004,305546
11/6/2004,351404
11/13/2004,311901
11/20/2004,355954
11/27/2004,320690
12/4/2004,473570
12/11/2004,370604
12/18/2004,374749
12/25/2004,446699
1/1/2005,540927
1/8/2005,693776
1/15/2005,467862
1/22/2005,360583
1/29/2005,364704
2/5/2005,347391
2/12/2005,309290
2/19/2005,303814
2/26/2005,290776
3/5/2005,332067
3/12/2005,307061
3/19/2005,290719
3/26/2005,291378
4/2/2005,294994
4/9/2005,339709
4/16/2005,285657
4/23/2005,299891
4/30/2005,290824
5/7/2005,297347
5/14/2005,275524
5/21/2005,276761
5/28/2005,304306
6/4/2005,289914
6/11/2005,315938
6/18/2005,289831
6/25/2005,286681
7/2/2005,327268
7/9/2005,427323
7/16/2005,374665
7/23/2005,295026
7/30/2005,261906
8/6/2005,269746
8/13/2005,257151
8/20/2005,252016
8/27/2005,251642
9/3/2005,271613
9/10/2005,322387
9/17/2005,346204
9/24/2005,292435
10/1/2005,313847
10/8/2005,380093
10/15/2005,303158
10/22/2005,304733
10/29/2005,294376
11/5/2005,340491
11/12/2005,283564
11/19/2005,368859
11/26/2005,290730
12/3/2005,444600
12/10/2005,391961
12/17/2005,359108
12/24/2005,433397
12/31/2005,475889
1/7/2006,555114
1/14/2006,439873
1/21/2006,317926
1/28/2006,318805
2/4/2006,321527
2/11/2006,310078
2/18/2006,269571
2/25/2006,272478
3/4/2006,301867
3/11/2006,294764
3/18/2006,269237
3/25/2006,265370
4/1/2006,253985
4/8/2006,314696
4/15/2006,268472
4/22/2006,291349
4/29/2006,279715
5/6/2006,317239
5/13/2006,288972
5/20/2006,277168
5/27/2006,292714
6/3/2006,260263
6/10/2006,285892
6/17/2006,277441
6/24/2006,287503
7/1/2006,304638
7/8/2006,418363
7/15/2006,377115
7/22/2006,288875
7/29/2006,259974
8/5/2006,275430
8/12/2006,256259
8/19/2006,252357
8/26/2006,251275
9/2/2006,259539
9/9/2006,240231
9/16/2006,267036
9/23/2006,261396
9/30/2006,249288
10/7/2006,307646
10/14/2006,271863
10/21/2006,291372
10/28/2006,301079
11/4/2006,326711
11/11/2006,286151
11/18/2006,367690
11/25/2006,323509
12/2/2006,448898
12/9/2006,384123
12/16/2006,361672
12/23/2006,425357
12/30/2006,499979
1/6/2007,506059
1/13/2007,506709
1/20/2007,367583
1/27/2007,359959
2/3/2007,339018
2/10/2007,363018
2/17/2007,305945
2/24/2007,299000
3/3/2007,320194
3/10/2007,298927
3/17/2007,277187
3/24/2007,273432
3/31/2007,268218
4/7/2007,328266
4/14/2007,317917
4/21/2007,303984
4/28/2007,267672
5/5/2007,274801
5/12/2007,258516
5/19/2007,270446
5/26/2007,273397
6/2/2007,263527
6/9/2007,302368
6/16/2007,290951
6/23/2007,292583
6/30/2007,300348
7/7/2007,417554
7/14/2007,383839
7/21/2007,298366
7/28/2007,257426
8/4/2007,270563
8/11/2007,266420
8/18/2007,257573
8/25/2007,266179
9/1/2007,257454
9/8/2007,245526
9/15/2007,261971
9/22/2007,247643
9/29/2007,255431
10/6/2007,298317
10/13/2007,306519
10/20/2007,307675
10/27/2007,303357
11/3/2007,325831
11/10/2007,351760
11/17/2007,323124
11/24/2007,324047
12/1/2007,462902
12/8/2007,423130
12/15/2007,393042
12/22/2007,456280
12/29/2007,507908
1/5/2008,522700
1/12/2008,547943
1/19/2008,415397
1/26/2008,369498
2/2/2008,380234
2/9/2008,377595
2/16/2008,325886
2/23/2008,330013
3/1/2008,345287
3/8/2008,341364
3/15/2008,335909
3/22/2008,316208
3/29/2008,342189
4/5/2008,357209
4/12/2008,370960
4/19/2008,328334
4/26/2008,337854
5/3/2008,335533
5/10/2008,325479
5/17/2008,319817
5/24/2008,326627
5/31/2008,300989
6/7/2008,373033
6/14/2008,349254
6/21/2008,358158
6/28/2008,368544
7/5/2008,401672
7/12/2008,476071
7/19/2008,403607
7/26/2008,374182
8/2/2008,381887
8/9/2008,372807
8/16/2008,342164
8/23/2008,344255
8/30/2008,360485
9/6/2008,336131
9/13/2008,381720
9/20/2008,397610
9/27/2008,392121
10/4/2008,426786
10/11/2008,454100
10/18/2008,416114
10/25/2008,449429
11/1/2008,466373
11/8/2008,539812
11/15/2008,513047
11/22/2008,609128
11/29/2008,537230
12/6/2008,760481
12/13/2008,629867
12/20/2008,719691
12/27/2008,717000
1/3/2009,731958
1/10/2009,956791
1/17/2009,763987
1/24/2009,620143
1/31/2009,682176
2/7/2009,710152
2/14/2009,619951
2/21/2009,605668
2/28/2009,645827
3/7/2009,652635
3/14/2009,601192
3/21/2009,590067
3/28/2009,599299
4/4/2009,623279
4/11/2009,610522
4/18/2009,596564
4/25/2009,583457
5/2/2009,536648
5/9/2009,570412
5/16/2009,540925
5/23/2009,538311
5/30/2009,500380
6/6/2009,581092
6/13/2009,562449
6/20/2009,572425
6/27/2009,563387
7/4/2009,585963
7/11/2009,677038
7/18/2009,590730
7/25/2009,516351
8/1/2009,470988
8/8/2009,486586
8/15/2009,461780
8/22/2009,460998
8/29/2009,460525
9/5/2009,470079
9/12/2009,414557
9/19/2009,441311
9/26/2009,449620
10/3/2009,456233
10/10/2009,513852
10/17/2009,464985
10/24/2009,499374
10/31/2009,487714
11/7/2009,537230
11/14/2009,479350
11/21/2009,547022
11/28/2009,462090
12/5/2009,673097
12/12/2009,561655
12/19/2009,571378
12/26/2009,561852
1/2/2010,651215
1/9/2010,825891
1/16/2010,659173
1/23/2010,507651
1/30/2010,538617
2/6/2010,512463
2/13/2010,482078
2/20/2010,458160
2/27/2010,474662
3/6/2010,462679
3/13/2010,439061
3/20/2010,413067
3/27/2010,412710
4/3/2010,421130
4/10/2010,514136
4/17/2010,436814
4/24/2010,429196
5/1/2010,399350
5/8/2010,414327
5/15/2010,414572
5/22/2010,410778
5/29/2010,418873
6/5/2010,398864
6/12/2010,448305
6/19/2010,427080
6/26/2010,444712
7/3/2010,470366
7/10/2010,515991
7/17/2010,502065
7/24/2010,413679
7/31/2010,402140
8/7/2010,425471
8/14/2010,405484
8/21/2010,384955
8/28/2010,383135
9/4/2010,381863
9/11/2010,341791
9/18/2010,382341
9/25/2010,372551
10/2/2010,373681
10/9/2010,462667
10/16/2010,394016
10/23/2010,408489
10/30/2010,421097
11/6/2010,452657
11/13/2010,409548
11/20/2010,464817
11/27/2010,412922
12/4/2010,585711
12/11/2010,491776
12/18/2010,495548
12/25/2010,525710
1/1/2011,578904
1/8/2011,773499
1/15/2011,549688
1/22/2011,485950
1/29/2011,464775
2/5/2011,440706
2/12/2011,424400
2/19/2011,380985
2/26/2011,353797
3/5/2011,407299
3/12/2011,371721
3/19/2011,354457
3/26/2011,357457
4/2/2011,353817
4/9/2011,448029
4/16/2011,381834
4/23/2011,387867
4/30/2011,415974
5/7/2011,397737
5/14/2011,361573
5/21/2011,376632
5/28/2011,381497
6/4/2011,366816
6/11/2011,400608
6/18/2011,394286
6/25/2011,406633
7/2/2011,425640
7/9/2011,473963
7/16/2011,470086
7/23/2011,369207
7/30/2011,341103
8/6/2011,354408
8/13/2011,346014
8/20/2011,344870
8/27/2011,336761
9/3/2011,348582
9/10/2011,328868
9/17/2011,353820
9/24/2011,328073
10/1/2011,332394
10/8/2011,405906
10/15/2011,357562
10/22/2011,377156
10/29/2011,369647
11/5/2011,402532
11/12/2011,363016
11/19/2011,440157
11/26/2011,372640
12/3/2011,528793
12/10/2011,435863
12/17/2011,421103
12/24/2011,497689
12/31/2011,540057
1/7/2012,646219
1/14/2012,525422
1/21/2012,416880
1/28/2012,422287
2/4/2012,401365
2/11/2012,365014
2/18/2012,346659
2/25/2012,334242
3/3/2012,368433
3/10/2012,340102
3/17/2012,319498
3/24/2012,323373
3/31/2012,315800
4/7/2012,390064
4/14/2012,370482
4/21/2012,370632
4/28/2012,333476
5/5/2012,341080
5/12/2012,325094
5/19/2012,330427
5/26/2012,346260
6/2/2012,324385
6/9/2012,376610
6/16/2012,364548
6/23/2012,370521
6/30/2012,369826
7/7/2012,442192
7/14/2012,455260
7/21/2012,340780
7/28/2012,312931
8/4/2012,320219
8/11/2012,317680
8/18/2012,311857
8/25/2012,312542
9/1/2012,309537
9/8/2012,299729
9/15/2012,330454
9/22/2012,303685
9/29/2012,301046
10/6/2012,329925
10/13/2012,362730
10/20/2012,345227
10/27/2012,339924
11/3/2012,361823
11/10/2012,478551
11/17/2012,403636
11/24/2012,358865
12/1/2012,500163
12/8/2012,429191
12/15/2012,401431
12/22/2012,457584
12/29/2012,490126
1/5/2013,557424
1/12/2013,558047
1/19/2013,437360
1/26/2013,369567
2/2/2013,388708
2/9/2013,361759
2/16/2013,351087
2/23/2013,310512
3/2/2013,335794
3/9/2013,317661
3/16/2013,301471
3/23/2013,316133
3/30/2013,317494
4/6/2013,356935
4/13/2013,359415
4/20/2013,326264
4/27/2013,301622
5/4/2013,301602
5/11/2013,320253
5/18/2013,303357
5/25/2013,319508
6/1/2013,294608
6/8/2013,332964
6/15/2013,336970
6/22/2013,336901
6/29/2013,335424
7/6/2013,383811
7/13/2013,410974
7/20/2013,340457
7/27/2013,281692
8/3/2013,288861
8/10/2013,282756
8/17/2013,281164
8/24/2013,279803
8/31/2013,269359
9/7/2013,229648
9/14/2013,272946
9/21/2013,255087
9/28/2013,252196
10/5/2013,335937
10/12/2013,360957
10/19/2013,312037
10/26/2013,325326
11/2/2013,331867
11/9/2013,364167
11/16/2013,327053
11/23/2013,369197
11/30/2013,321896
12/7/2013,463413
12/14/2013,414613
12/21/2013,418272
12/28/2013,452664
1/4/2014,488537
1/11/2014,534966
1/18/2014,416116
1/25/2014,357806
2/1/2014,357742
2/8/2014,360338
2/15/2014,322761
2/22/2014,312665
3/1/2014,317832
3/8/2014,302311
3/15/2014,285970
3/22/2014,274072
3/29/2014,294862
4/5/2014,299162
4/12/2014,318793
4/19/2014,299182
4/26/2014,318127
5/3/2014,288748
5/10/2014,270738
5/17/2014,287398
5/24/2014,275412
5/31/2014,264133
6/7/2014,313371
6/14/2014,301195
6/21/2014,305029
6/28/2014,305791
7/5/2014,322753
7/12/2014,370559
7/19/2014,287049
7/26/2014,257625
8/2/2014,247877
8/9/2014,269468
8/16/2014,249463
8/23/2014,249006
8/30/2014,249780
9/6/2014,234755
9/13/2014,242318
9/20/2014,239780
9/27/2014,227571
10/4/2014,257545
10/11/2014,273756
10/18/2014,256166
10/25/2014,271331
11/1/2014,266921
11/8/2014,309338
11/15/2014,286115
11/22/2014,357202
11/29/2014,294389
12/6/2014,389284
12/13/2014,327827
12/20/2014,340827
12/27/2014,389757
1/3/2015,439342
1/10/2015,529685
1/17/2015,383538
1/24/2015,281885
1/31/2015,306643
2/7/2015,324158
2/14/2015,277904
2/21/2015,280639
2/28/2015,315566
3/7/2015,277925
3/14/2015,260242
3/21/2015,248032
3/28/2015,239748
4/4/2015,253533
4/11/2015,308173
4/18/2015,279797
4/25/2015,250780
5/2/2015,236421
5/9/2015,242882
5/16/2015,243612
5/23/2015,253454
5/30/2015,230676
6/6/2015,275619
6/13/2015,258764
6/20/2015,263199
6/27/2015,274646
7/4/2015,303585
7/11/2015,344471
7/18/2015,262949
7/25/2015,230314
8/1/2015,224104
8/8/2015,239326
8/15/2015,229251
8/22/2015,226649
8/29/2015,230079
9/5/2015,232507
9/12/2015,198903
9/19/2015,219342
9/26/2015,215116
10/3/2015,227176
10/10/2015,256522
10/17/2015,232860
10/24/2015,245365
10/31/2015,258440
11/7/2015,291098
11/14/2015,264816
11/21/2015,305424
11/28/2015,262628
12/5/2015,384491
12/12/2015,313276
12/19/2015,319641
12/26/2015,346542
1/2/2016,405368
1/9/2016,502904
1/16/2016,378747
1/23/2016,295936
1/30/2016,311940
2/6/2016,290796
2/13/2016,258380
2/20/2016,248870
2/27/2016,265802
3/5/2016,247628
3/12/2016,236888
3/19/2016,230882
3/26/2016,235716
4/2/2016,245035
4/9/2016,270419
4/16/2016,242400
4/23/2016,245040
4/30/2016,243392
5/7/2016,261899
5/14/2016,244869
5/21/2016,240798
5/28/2016,246740
6/4/2016,232300
6/11/2016,266277
6/18/2016,247968
6/25/2016,263662
7/2/2016,267437
7/9/2016,298673
7/16/2016,268526
7/23/2016,231925
7/30/2016,219202
8/6/2016,231542
8/13/2016,219570
8/20/2016,217011
8/27/2016,215688
9/3/2016,217715
9/10/2016,193291
9/17/2016,205649
9/24/2016,198455
10/1/2016,200456
10/8/2016,238581
10/15/2016,233633
10/22/2016,237314
10/29/2016,245751
11/5/2016,258608
11/12/2016,223770
11/19/2016,287794
11/26/2016,249774
12/3/2016,351580
12/10/2016,305268
12/17/2016,315068
12/24/2016,343213
12/31/2016,350561
1/7/2017,414742
1/14/2017,352799
1/21/2017,284030
1/28/2017,280983
2/4/2017,259713
2/11/2017,245886
2/18/2017,239322
2/25/2017,212829
3/4/2017,243959
3/11/2017,222227
3/18/2017,224693
3/25/2017,228269
4/1/2017,208347
4/8/2017,239823
4/15/2017,225864
4/22/2017,241611
4/29/2017,210955
5/6/2017,215040
5/13/2017,206905
5/20/2017,210544
5/27/2017,232138
6/3/2017,212696
6/10/2017,234652
6/17/2017,228883
6/24/2017,239635
7/1/2017,252886
7/8/2017,284329
7/15/2017,257763
7/22/2017,220455
7/29/2017,198776
8/5/2017,211924
8/12/2017,198280
8/19/2017,195130
8/26/2017,196227
9/2/2017,250627
9/9/2017,211923
9/16/2017,212313
9/23/2017,212987
9/30/2017,204180
10/7/2017,229241
10/14/2017,205592
10/21/2017,216004
10/28/2017,215977
11/4/2017,242111
11/11/2017,236654
11/18/2017,275004
11/25/2017,224851
12/2/2017,326052
12/9/2017,282055
12/16/2017,287479
12/23/2017,325180
12/30/2017,351500
1/6/2018,403930
1/13/2018,354708
1/20/2018,260432
1/27/2018,268197
2/3/2018,243422
2/10/2018,233252
2/17/2018,212609
2/24/2018,196294
3/3/2018,225893
3/10/2018,205185
3/17/2018,198649
3/24/2018,195433
3/31/2018,201057
4/7/2018,231759
4/14/2018,226090
4/21/2018,200139
4/28/2018,186451
5/5/2018,190262
5/12/2018,195214
5/19/2018,207043
5/26/2018,202846
6/2/2018,191523
6/9/2018,217289
6/16/2018,206023
6/23/2018,222766
6/30/2018,231539
7/7/2018,264869
7/14/2018,232238
7/21/2018,201288
7/28/2018,179880
8/4/2018,185174
8/11/2018,180038
8/18/2018,173331
8/25/2018,175745
9/1/2018,173607
9/8/2018,162640
9/15/2018,173624
9/22/2018,172930
9/29/2018,171816
10/6/2018,193936
10/13/2018,190501
10/20/2018,198733
10/27/2018,198530
11/3/2018,214814
11/10/2018,235981
11/17/2018,226576
11/24/2018,218658
12/1/2018,317936
12/8/2018,261525
12/15/2018,255195
12/22/2018,291581
12/29/2018,327388
1/5/2019,350681
1/12/2019,343678
1/19/2019,269369
1/26/2019,250580
2/2/2019,254263
2/9/2019,242762
2/16/2019,210679
2/23/2019,203049
3/2/2019,220540
3/9/2019,209302
3/16/2019,194335
3/23/2019,190023
3/30/2019,183775
4/6/2019,196071
4/13/2019,196364
4/20/2019,211762
4/27/2019,204755
5/4/2019,204033
5/11/2019,188264
5/18/2019,191931
5/25/2019,198194
6/1/2019,189577
6/8/2019,220186
6/15/2019,205921
6/22/2019,225819
6/29/2019,224565
7/6/2019,231995
7/13/2019,243621
7/20/2019,196382
7/27/2019,178897
8/3/2019,179879
8/10/2019,186914
8/17/2019,171386
8/24/2019,176867
8/31/2019,179516
9/7/2019,160342
9/14/2019,173134
9/21/2019,175394
9/28/2019,172968
10/5/2019,188106
10/12/2019,201677
10/19/2019,186748
10/26/2019,198733
11/2/2019,205625
11/9/2019,238996
11/16/2019,227892
11/23/2019,252428
11/30/2019,216827
12/7/2019,317866
12/14/2019,270547
12/21/2019,287243
12/28/2019,312524
1/4/2020,335480
1/11/2020,338550
1/18/2020,282088
1/25/2020,229002
2/1/2020,224664
2/8/2020,219601
2/15/2020,209336
2/22/2020,198832
2/29/2020,216605
3/7/2020,200382
3/14/2020,251416
3/21/2020,2920160
3/28/2020,5823917
